name,email,address,date_of_birth,phone_number
Alexandra Fitzgerald,alexanderfitzgerald@example.org,"Unit 0802 Box 3002
DPO AP 48642",2004-05-01,708.502.3002
Allison Hill,johnsonjoshua@example.org,"433 Jill Springs
New Roberttown, CO 29158",1988-09-10,+1-210-343-3218x1960
Allison Sheppard,jacksonbarbara@example.org,"94121 Martin Fork
Floresborough, LA 09437",1984-09-26,+1-402-594-1215
Amanda Gonzalez,mwilliams@example.net,"336 Darlene Station
Lake Lucas, MA 31454",1986-08-02,+1-760-533-6149x935
Amanda Monroe,hawkinsvictoria@example.net,"501 Underwood Viaduct
Garciahaven, CT 54113",1995-12-30,001-208-550-1846x18167
Amanda Mueller,carpenterthomas@example.net,"729 Smith Grove
Lake Tinamouth, MT 31790",1982-10-31,609.772.9704x80563
Amy Best,johnsonstephanie@example.org,"52985 Nathan Gateway
Port Nicholasport, WY 86631",1999-06-21,+1-200-752-9850x513
Amy Swanson,brian87@example.com,"Unit 0875 Box 6022
DPO AA 24506",2004-12-17,908-275-6022x625
Andrea Hernandez,perkinsmichael@example.com,"256 Singh Mews
Gardnerchester, MN 19254",1997-02-11,+1-719-425-6467x866
Angela Green DVM,qjones@example.net,"Unit 1046 Box 9998
DPO AA 56108",2005-09-06,710.546.9998x5638
Ann Ball,christopher11@example.org,"1122 Amanda Port
North Garyport, MT 02978",1996-03-15,(216)311-2218x899
Anna Adams,johnsonandrew@example.net,"40803 Zachary Squares
Robersonfurt, ME 06988",1995-01-14,001-210-440-8030x83664
Anna Williamson,mcconnellelizabeth@example.net,"805 Rice Coves
Burkeport, MS 96987",1990-09-26,+1-891-998-0578x17946
Anne Glass,codyglass@example.net,"4602 Barton Field
Grayside, AL 31383",1997-02-04,914.846.0263
Anne Jackson,davisgarrett@example.net,"19558 Marshall Meadow
Rivasmouth, OH 72356",1990-11-05,+1-701-921-9558x67697
Anthony Berry,uyoung@example.net,"983 Larson Club
Huntfort, NH 04607",1979-04-24,930.298.3491x787
Ashley Cook,brownsarah@example.org,"55345 Shannon Summit
North Jeremy, AK 08023",1985-11-20,001-910-955-3453
Becky Ramirez,davidramirez@example.com,"4607 Crane Meadow
Susantown, NE 02210",1984-03-31,+1-621-844-6075
Bonnie Dawson,david84@example.net,"848 Jennifer Mews
East Tammy, VI 86663",1984-04-24,+1-452-488-4836
Bradley Silva,ldalton@example.org,"326 Atkins Coves
West Tammy, CA 58003",1977-01-19,(319)932-6751x9256
Brandi Smith,andersonandrew@example.org,"03910 Bryant Ford
Shafferburgh, FL 77195",1983-12-01,+1-902-920-3910
Brandon Coleman,lorimurphy@example.com,"6518 Sara Ridge
Drakebury, AR 93323",1968-12-25,915.565.1806
Brandon Keller,jennifercastillo@example.net,"9945 Johnston Viaduct
Josephview, MN 10237",1967-10-11,617.699.4579
Brandon Ramirez,ronaldvasquez@example.net,"4835 Walsh Rapid
North Micheleland, KS 82496",1969-10-13,961.374.8358
Brandon Russell,adamskayla@example.com,"4106 Peterson Center
East Matthew, MA 92472",1960-07-07,7417641068
Brenda Hawkins,scottevans@example.com,"PSC 2784, Box 7763
APO AA 43764",2001-11-08,(778)847-7637
Brenda Johnson,johnaustin@example.com,"USNS Sanchez
FPO AP 59107",2003-12-30,(530)697-2151
Brent Wade,annarogers@example.org,"3902 Perkins Plain
Matthewville, MP 12751",1969-07-26,691.353.9028
Brian Foster,kevingriffith@example.com,"672 Carl Locks
Laurenton, IN 68702",1969-05-01,841.667.2110
Brian Long,harrisonkathryn@example.org,"2021 Jennifer Dam
Lake Antonio, AR 18402",1958-08-04,5714620218
Brian Vaughan,jacob95@example.com,"553 Vincent Vista
Taylorstad, MA 77663",1972-06-01,721-595-5308x5735
Brittany Duffy,saralong@example.net,"7972 Perry Mount
South Michaelchester, AS 46073",1987-01-20,+1-726-379-7246x717
Carlos Harper,newtonamy@example.net,"923 Dana Track
Clarkberg, MO 21849",1963-06-04,528-592-3276
